X,Y
-10.0,9.000213927120674
-9.99,8.99018246577708
-9.98,8.98015349135526
-9.97,8.970127007666607
-9.96,8.96010301852583
-9.950000000000001,8.950081527750946
-9.940000000000001,8.940062539163296
-9.930000000000001,8.930046056587535
-9.920000000000002,8.920032083851641
-9.910000000000002,8.91002062478691
-9.900000000000002,8.90001168322797
-9.890000000000002,8.890005263012768
-9.880000000000003,8.880001367982588
-9.870000000000003,8.87000000198204
-9.860000000000003,8.860001168859068
-9.850000000000003,8.85000487246495
-9.840000000000003,8.840011116654308
-9.830000000000004,8.830019905285091
-9.820000000000004,8.820031242218603
-9.810000000000004,8.81004513131948
-9.800000000000004,8.800061576455713
-9.790000000000004,8.790080581498634
-9.780000000000005,8.780102150322925
-9.770000000000005,8.770126286806626
-9.760000000000005,8.760152994831126
-9.750000000000005,8.750182278281168
-9.740000000000006,8.74021414104486
-9.730000000000006,8.73024858701366
-9.720000000000006,8.720285620082402
-9.710000000000006,8.71032524414927
-9.700000000000006,8.700367463115827
-9.690000000000007,8.690412280886994
-9.680000000000007,8.68045970137107
-9.670000000000007,8.670509728479724
-9.660000000000007,8.660562366127998
-9.650000000000007,8.650617618234314
-9.640000000000008,8.640675488720474
-9.630000000000008,8.630735981511656
-9.620000000000008,8.620799100536424
-9.610000000000008,8.61086484972673
-9.600000000000009,8.600933233017907
-9.590000000000009,8.591004254348686
-9.580000000000009,8.581077917661183
-9.57000000000001,8.571154226900909
-9.56000000000001,8.561233186016771
-9.55000000000001,8.551314798961078
-9.54000000000001,8.541399069689533
-9.53000000000001,8.531486002161245
-9.52000000000001,8.521575600338723
-9.51000000000001,8.511667868187889
-9.50000000000001,8.501762809678068
-9.49000000000001,8.491860428781997
-9.480000000000011,8.48196072947583
-9.470000000000011,8.472063715739127
-9.460000000000012,8.462169391554871
-9.450000000000012,8.452277760909464
-9.440000000000012,8.44238882779273
-9.430000000000012,8.43250259619791
-9.420000000000012,8.42261907012168
-9.410000000000013,8.412738253564134
-9.400000000000013,8.402860150528802
-9.390000000000013,8.392984765022645
-9.380000000000013,8.383112101056053
-9.370000000000013,8.37324216264286
-9.360000000000014,8.363374953800331
-9.350000000000014,8.353510478549177
-9.340000000000014,8.343648740913546
-9.330000000000014,8.333789744921033
-9.320000000000014,8.32393349460268
-9.310000000000015,8.314079993992982
-9.300000000000015,8.304229247129875
-9.290000000000015,8.294381258054756
-9.280000000000015,8.284536030812474
-9.270000000000016,8.274693569451335
-9.260000000000016,8.264853878023109
-9.250000000000016,8.255016960583022
-9.240000000000016,8.245182821189767
-9.230000000000016,8.2353514639055
-9.220000000000017,8.22552289279585
-9.210000000000017,8.21569711192991
-9.200000000000017,8.205874125380248
-9.190000000000017,8.19605393722291
-9.180000000000017,8.186236551537414
-9.170000000000018,8.176421972406757
-9.160000000000018,8.16661020391742
-9.150000000000018,8.156801250159363
-9.140000000000018,8.146995115226034
-9.130000000000019,8.13719180321437
-9.120000000000019,8.12739131822479
-9.110000000000019,8.117593664361214
-9.10000000000002,8.10779884573105
-9.09000000000002,8.098006866445205
-9.08000000000002,8.088217730618082
-9.07000000000002,8.078431442367583
-9.06000000000002,8.068648005815115
-9.05000000000002,8.058867425085591
-9.04000000000002,8.049089704307425
-9.03000000000002,8.039314847612548
-9.020000000000021,8.029542859136393
-9.010000000000021,8.019773743017915
-9.000000000000021,8.010007503399576
-8.990000000000022,8.000244144427361
-8.980000000000022,7.990483670250776
-8.970000000000022,7.980726085022844
-8.960000000000022,7.970971392900114
-8.950000000000022,7.961219598042662
-8.940000000000023,7.951470704614093
-8.930000000000023,7.941724716781541
-8.920000000000023,7.931981638715673
-8.910000000000023,7.92224147459069
-8.900000000000023,7.912504228584333
-8.890000000000024,7.90276990487788
-8.880000000000024,7.893038507656151
-8.870000000000024,7.883310041107508
-8.860000000000024,7.873584509423862
-8.850000000000025,7.863861916800671
-8.840000000000025,7.8541422674369405
-8.830000000000025,7.84442556553523
-8.820000000000025,7.834711815301656
-8.810000000000025,7.825001020945888
-8.800000000000026,7.8152931866811555
-8.790000000000026,7.805588316724251
-8.780000000000026,7.795886415295526
-8.770000000000026,7.7861874866189025
-8.760000000000026,7.776491534921866
-8.750000000000027,7.766798564435475
-8.740000000000027,7.757108579394358
-8.730000000000027,7.747421584036718
-8.720000000000027,7.737737582604334
-8.710000000000027,7.7280565793425655
-8.700000000000028,7.718378578500351
-8.690000000000028,7.7087035843302125
-8.680000000000028,7.699031601088256
-8.670000000000028,7.689362633034179
-8.660000000000029,7.679696684431263
-8.650000000000029,7.670033759546384
-8.640000000000029,7.660373862650013
-8.63000000000003,7.6507169980162155
-8.62000000000003,7.641063169922656
-8.61000000000003,7.6314123826506
-8.60000000000003,7.621764640484915
-8.59000000000003,7.612119947714072
-8.58000000000003,7.602478308630155
-8.57000000000003,7.592839727528851
-8.56000000000003,7.583204208709461
-8.550000000000031,7.5735717564749
-8.540000000000031,7.5639423751317
-8.530000000000031,7.554316068990009
-8.520000000000032,7.544692842363599
-8.510000000000032,7.535072699569859
-8.500000000000032,7.52545564492981
-8.490000000000032,7.515841682768094
-8.480000000000032,7.506230817412986
-8.470000000000033,7.496623053196391
-8.460000000000033,7.487018394453848
-8.450000000000033,7.477416845524534
-8.440000000000033,7.46781841075126
-8.430000000000033,7.4582230944804815
-8.420000000000034,7.448630901062295
-8.410000000000034,7.439041834850442
-8.400000000000034,7.429455900202311
-8.390000000000034,7.419873101478941
-8.380000000000035,7.4102934430450205
-8.370000000000035,7.400716929268893
-8.360000000000035,7.39114356452256
-8.350000000000035,7.381573353181677
-8.340000000000035,7.372006299625563
-8.330000000000036,7.362442408237201
-8.320000000000036,7.352881683403236
-8.310000000000036,7.343324129513981
-8.300000000000036,7.33376975096342
-8.290000000000036,7.3242185521492065
-8.280000000000037,7.3146705374726695
-8.270000000000037,7.305125711338814
-8.260000000000037,7.295584078156324
-8.250000000000037,7.2860456423375615
-8.240000000000038,7.276510408298575
-8.230000000000038,7.266978380459097
-8.220000000000038,7.257449563242546
-8.210000000000038,7.247923961076031
-8.200000000000038,7.238401578390355
-8.190000000000039,7.22888241962001
-8.180000000000039,7.219366489203191
-8.170000000000039,7.209853791581786
-8.16000000000004,7.2003443312013875
-8.15000000000004,7.1908381125112895
-8.14000000000004,7.181335139964492
-8.13000000000004,7.171835418017704
-8.12000000000004,7.162338951131341
-8.11000000000004,7.152845743769534
-8.10000000000004,7.143355800400126
-8.09000000000004,7.133869125494681
-8.080000000000041,7.124385723528476
-8.070000000000041,7.114905598980514
-8.060000000000041,7.10542875633352
-8.050000000000042,7.095955200073943
-8.040000000000042,7.086484934691963
-8.030000000000042,7.077017964681488
-8.020000000000042,7.0675542945401615
-8.010000000000042,7.058093928769359
-8.000000000000043,7.0486368718741925
-7.990000000000043,7.039183128363518
-7.980000000000043,7.029732702749928
-7.970000000000043,7.020285599549762
-7.9600000000000435,7.010841823283105
-7.950000000000044,7.00140137847379
-7.940000000000044,6.991964269649402
-7.930000000000044,6.982530501341277
-7.920000000000044,6.973100078084509
-7.9100000000000446,6.963673004417948
-7.900000000000045,6.954249284884202
-7.890000000000045,6.944828924029648
-7.880000000000045,6.935411926404418
-7.870000000000045,6.925998296562419
-7.860000000000046,6.916588039061322
-7.850000000000046,6.9071811584625715
-7.840000000000046,6.8977776593313855
-7.830000000000046,6.8883775462367565
-7.8200000000000465,6.878980823751457
-7.810000000000047,6.869587496452039
-7.800000000000047,6.860197568918838
-7.790000000000047,6.8508110457359725
-7.780000000000047,6.841427931491353
-7.7700000000000475,6.832048230776674
-7.760000000000048,6.822671948187426
-7.750000000000048,6.813299088322892
-7.740000000000048,6.803929655786153
-7.730000000000048,6.794563655184086
-7.720000000000049,6.785201091127372
-7.710000000000049,6.775841968230496
-7.700000000000049,6.766486291111745
-7.690000000000049,6.757134064393217
-7.6800000000000495,6.747785292700821
-7.67000000000005,6.7384399806642765
-7.66000000000005,6.7290981329171204
-7.65000000000005,6.719759754096703
-7.64000000000005,6.7104248488442
-7.6300000000000505,6.701093421804603
-7.620000000000051,6.691765477626732
-7.610000000000051,6.682441020963233
-7.600000000000051,6.673120056470578
-7.590000000000051,6.663802588809075
-7.580000000000052,6.6544886226428615
-7.570000000000052,6.645178162639912
-7.560000000000052,6.63587121347204
-7.550000000000052,6.626567779814898
-7.540000000000052,6.617267866347983
-7.530000000000053,6.607971477754637
-7.520000000000053,6.5986786187220465
-7.510000000000053,6.589389293941252
-7.500000000000053,6.580103508107144
-7.4900000000000535,6.570821265918467
-7.480000000000054,6.561542572077823
-7.470000000000054,6.552267431291673
-7.460000000000054,6.542995848270339
-7.450000000000054,6.533727827728008
-7.440000000000055,6.52446337438273
-7.430000000000055,6.515202492956428
-7.420000000000055,6.505945188174893
-7.410000000000055,6.496691464767788
-7.400000000000055,6.487441327468654
-7.390000000000056,6.478194781014909
-7.380000000000056,6.46895183014785
-7.370000000000056,6.459712479612657
-7.360000000000056,6.4504767341583955
-7.3500000000000565,6.441244598538018
-7.340000000000057,6.432016077508364
-7.330000000000057,6.42279117583017
-7.320000000000057,6.413569898268062
-7.310000000000057,6.404352249590564
-7.3000000000000576,6.3951382345700996
-7.290000000000058,6.385927857982992
-7.280000000000058,6.37672112460947
-7.270000000000058,6.367518039233667
-7.260000000000058,6.358318606643625
-7.250000000000059,6.349122831631297
-7.240000000000059,6.339930718992548
-7.230000000000059,6.330742273527158
-7.220000000000059,6.3215575000388275
-7.2100000000000595,6.312376403335175
-7.20000000000006,6.303198988227741
-7.19000000000006,6.29402525953199
-7.18000000000006,6.284855222067318
-7.17000000000006,6.275688880657046
-7.1600000000000605,6.266526240128427
-7.150000000000061,6.257367305312653
-7.140000000000061,6.248212081044846
-7.130000000000061,6.239060572164073
-7.120000000000061,6.229912783513337
-7.110000000000062,6.220768719939589
-7.100000000000062,6.211628386293724
-7.090000000000062,6.202491787430587
-7.080000000000062,6.19335892820897
-7.0700000000000625,6.184229813491623
-7.060000000000063,6.175104448145248
-7.050000000000063,6.1659828370405085
-7.040000000000063,6.1568649850520245
-7.030000000000063,6.147750897058381
-7.0200000000000635,6.138640577942128
-7.010000000000064,6.129534032589781
-7.000000000000064,6.120431265891829
-6.990000000000064,6.1113322827427305
-6.980000000000064,6.102237088040919
-6.970000000000065,6.093145686688806
-6.960000000000065,6.08405808359278
-6.950000000000065,6.074974283663215
-6.940000000000065,6.065894291814467
-6.930000000000065,6.056818112964877
-6.920000000000066,6.047745752036779
-6.910000000000066,6.038677213956495
-6.900000000000066,6.029612503654342
-6.890000000000066,6.020551626064633
-6.8800000000000665,6.01149458612568
-6.870000000000067,6.002441388779795
-6.860000000000067,5.993392038973295
-6.850000000000067,5.9843465416565
-6.840000000000067,5.9753049017837405
-6.830000000000068,5.966267124313358
-6.820000000000068,5.957233214207704
-6.810000000000068,5.9482031764331476
-6.800000000000068,5.939177015960075
-6.790000000000068,5.930154737762894
-6.780000000000069,5.921136346820033
-6.770000000000069,5.912121848113946
-6.760000000000069,5.903111246631115
-6.750000000000069,5.894104547362051
-6.7400000000000695,5.885101755301298
-6.73000000000007,5.876102875447433
-6.72000000000007,5.867107912803073
-6.71000000000007,5.858116872374871
-6.70000000000007,5.849129759173525
-6.690000000000071,5.840146578213776
-6.680000000000071,5.8311673345144115
-6.670000000000071,5.822192033098267
-6.660000000000071,5.8132206789922325
-6.650000000000071,5.804253277227249
-6.640000000000072,5.795289832838317
-6.630000000000072,5.7863303508644925
-6.620000000000072,5.777374836348896
-6.610000000000072,5.768423294338708
-6.6000000000000725,5.75947572988518
-6.590000000000073,5.750532148043627
-6.580000000000073,5.741592553873438
-6.570000000000073,5.732656952438074
-6.560000000000073,5.723725348805074
-6.5500000000000735,5.714797748046053
-6.540000000000074,5.705874155236707
-6.530000000000074,5.696954575456816
-6.520000000000074,5.688039013790247
-6.510000000000074,5.679127475324951
-6.500000000000075,5.670219965152973
-6.490000000000075,5.66131648837045
-6.480000000000075,5.652417050077614
-6.470000000000075,5.643521655378794
-6.4600000000000755,5.634630309382421
-6.450000000000076,5.625743017201027
-6.440000000000076,5.616859783951251
-6.430000000000076,5.6079806147538385
-6.420000000000076,5.599105514733646
-6.4100000000000765,5.59023448901964
-6.400000000000077,5.581367542744903
-6.390000000000077,5.572504681046638
-6.380000000000077,5.563645909066165
-6.370000000000077,5.554791231948925
-6.360000000000078,5.545940654844486
-6.350000000000078,5.537094182906544
-6.340000000000078,5.528251821292923
-6.330000000000078,5.5194135751655775
-6.320000000000078,5.510579449690601
-6.310000000000079,5.50174945003822
-6.300000000000079,5.492923581382804
-6.290000000000079,5.484101848902863
-6.280000000000079,5.475284257781048
-6.2700000000000795,5.466470813204164
-6.26000000000008,5.457661520363159
-6.25000000000008,5.448856384453137
-6.24000000000008,5.440055410673353
-6.23000000000008,5.431258604227223
-6.220000000000081,5.422465970322318
-6.210000000000081,5.413677514170374
-6.200000000000081,5.404893240987288
-6.190000000000081,5.396113155993128
-6.180000000000081,5.387337264412128
-6.170000000000082,5.378565571472693
-6.160000000000082,5.3697980824074065
-6.150000000000082,5.361034802453023
-6.140000000000082,5.352275736850482
-6.1300000000000825,5.343520890844898
-6.120000000000083,5.334770269685575
-6.110000000000083,5.3260238786260015
-6.100000000000083,5.317281722923856
-6.090000000000083,5.308543807841007
-6.080000000000084,5.299810138643518
-6.070000000000084,5.291080720601649
-6.060000000000084,5.282355558989859
-6.050000000000084,5.273634659086808
-6.040000000000084,5.26491802617536
-6.030000000000085,5.256205665542589
-6.020000000000085,5.247497582479771
-6.010000000000085,5.2387937822824
-6.000000000000085,5.230094270250181
-5.9900000000000855,5.221399051687036
-5.980000000000086,5.212708131901105
-5.970000000000086,5.204021516204753
-5.960000000000086,5.195339209914564
-5.950000000000086,5.186661218351351
-5.9400000000000865,5.177987546840159
-5.930000000000087,5.169318200710259
-5.920000000000087,5.160653185295159
-5.910000000000087,5.151992505932604
-5.900000000000087,5.143336167964578
-5.890000000000088,5.134684176737304
-5.880000000000088,5.126036537601252
-5.870000000000088,5.117393255911138
-5.860000000000088,5.108754337025926
-5.8500000000000885,5.100119786308833
-5.840000000000089,5.091489609127328
-5.830000000000089,5.08286381085314
-5.820000000000089,5.074242396862255
-5.810000000000089,5.06562537253492
-5.8000000000000895,5.057012743255648
-5.79000000000009,5.048404514413219
-5.78000000000009,5.039800691400681
-5.77000000000009,5.031201279615354
-5.76000000000009,5.022606284458832
-5.750000000000091,5.014015711336987
-5.740000000000091,5.005429565659971
-5.730000000000091,4.996847852842215
-5.720000000000091,4.988270578302437
-5.7100000000000914,4.979697747463642
-5.700000000000092,4.971129365753123
-5.690000000000092,4.962565438602467
-5.680000000000092,4.954005971447553
-5.670000000000092,4.94545096972856
-5.6600000000000925,4.936900438889965
-5.650000000000093,4.9283543843805475
-5.640000000000093,4.919812811653392
-5.630000000000093,4.911275726165891
-5.620000000000093,4.9027431333797455
-5.610000000000094,4.894215038760969
-5.600000000000094,4.885691447779891
-5.590000000000094,4.877172365911159
-5.580000000000094,4.8686577986337385
-5.570000000000094,4.860147751430919
-5.560000000000095,4.851642229790315
-5.550000000000095,4.8431412392038675
-5.540000000000095,4.834644785167851
-5.530000000000095,4.826152873182869
-5.5200000000000955,4.817665508753863
-5.510000000000096,4.809182697390111
-5.500000000000096,4.800704444605232
-5.490000000000096,4.792230755917188
-5.480000000000096,4.783761636848288
-5.470000000000097,4.775297092925186
-5.460000000000097,4.7668371296788905
-5.450000000000097,4.758381752644761
-5.440000000000097,4.749930967362511
-5.430000000000097,4.7414847793762185
-5.420000000000098,4.733043194234317
-5.410000000000098,4.724606217489605
-5.400000000000098,4.716173854699249
-5.390000000000098,4.707746111424781
-5.3800000000000985,4.699322993232109
-5.370000000000099,4.690904505691508
-5.360000000000099,4.682490654377637
-5.350000000000099,4.67408144486953
-5.340000000000099,4.665676882750602
-5.3300000000000995,4.657276973608654
-5.3200000000001,4.648881723035873
-5.3100000000001,4.640491136628835
-5.3000000000001,4.63210521998851
-5.2900000000001,4.6237239787202595
-5.280000000000101,4.615347418433845
-5.270000000000101,4.606975544743425
-5.260000000000101,4.598608363267562
-5.250000000000101,4.590245879629223
-5.2400000000001015,4.581888099455783
-5.230000000000102,4.573535028379027
-5.220000000000102,4.56518667203515
-5.210000000000102,4.556843036064767
-5.200000000000102,4.548504126112907
-5.1900000000001025,4.54016994782902
-5.180000000000103,4.531840506866982
-5.170000000000103,4.523515808885091
-5.160000000000103,4.515195859546075
-5.150000000000103,4.506880664517092
-5.140000000000104,4.498570229469735
-5.130000000000104,4.490264560080032
-5.120000000000104,4.481963662028448
-5.110000000000104,4.4736675409998945
-5.1000000000001044,4.4653762026837205
-5.090000000000105,4.457089652773726
-5.080000000000105,4.448807896968156
-5.070000000000105,4.440530940969713
-5.060000000000105,4.432258790485548
-5.0500000000001055,4.423991451227272
-5.040000000000106,4.415728928910957
-5.030000000000106,4.407471229257133
-5.020000000000106,4.399218357990798
-5.010000000000106,4.390970320841416
-5.000000000000107,4.382727123542922
-4.990000000000107,4.374488771833722
-4.980000000000107,4.366255271456698
-4.970000000000107,4.358026628159212
-4.960000000000107,4.3498028476931045
-4.950000000000108,4.341583935814699
-4.940000000000108,4.333369898284804
-4.930000000000108,4.32516074086872
-4.920000000000108,4.316956469336235
-4.9100000000001085,4.308757089461631
-4.900000000000109,4.300562607023688
-4.890000000000109,4.292373027805684
-4.880000000000109,4.2841883575954
-4.870000000000109,4.276008602185118
-4.86000000000011,4.267833767371629
-4.85000000000011,4.259663858956234
-4.84000000000011,4.251498882744744
-4.83000000000011,4.2433388445474876
-4.82000000000011,4.235183750179308
-4.810000000000111,4.227033605459572
-4.800000000000111,4.218888416212165
-4.790000000000111,4.210748188265499
-4.780000000000111,4.202612927452516
-4.7700000000001115,4.194482639610688
-4.760000000000112,4.186357330582017
-4.750000000000112,4.178237006213046
-4.740000000000112,4.1701216723548535
-4.730000000000112,4.16201133486306
-4.7200000000001125,4.1539059995978285
-4.710000000000113,4.1458056724238705
-4.700000000000113,4.1377103592104465
-4.690000000000113,4.129620065831369
-4.680000000000113,4.121534798165004
-4.670000000000114,4.113454562094274
-4.660000000000114,4.105379363506665
-4.650000000000114,4.097309208294222
-4.640000000000114,4.089244102353555
-4.6300000000001145,4.081184051585845
-4.620000000000115,4.073129061896841
-4.610000000000115,4.065079139196867
-4.600000000000115,4.0570342894008204
-4.590000000000115,4.048994518428179
-4.5800000000001155,4.0409598322030025
-4.570000000000116,4.0329302366539315
-4.560000000000116,4.024905737714196
-4.550000000000116,4.016886341321614
-4.540000000000116,4.008872053418597
-4.530000000000117,4.000862879952148
-4.520000000000117,3.99285882687387
-4.510000000000117,3.984859900139965
-4.500000000000117,3.9768661057112378
-4.4900000000001175,3.9688774495530983
-4.480000000000118,3.960893937635565
-4.470000000000118,3.952915575933266
-4.460000000000118,3.944942370425444
-4.450000000000118,3.9369743270959567
-4.4400000000001185,3.9290114519332815
-4.430000000000119,3.9210537509305174
-4.420000000000119,3.9131012300853856
-4.410000000000119,3.905153895400237
-4.400000000000119,3.8972117528820505
-4.39000000000012,3.8892748085424365
-4.38000000000012,3.8813430683976415
-4.37000000000012,3.8734165384685504
-4.36000000000012,3.865495224780686
-4.35000000000012,3.857579133364217
-4.340000000000121,3.849668270253955
-4.330000000000121,3.841762641489362
-4.320000000000121,3.833862253114551
-4.310000000000121,3.8259671111782882
-4.3000000000001215,3.8180772217339967
-4.290000000000122,3.8101925908397587
-4.280000000000122,3.802313224558319
-4.270000000000122,3.7944391289570856
-4.260000000000122,3.786570310108136
-4.250000000000123,3.7787067740882163
-4.240000000000123,3.770848526978747
-4.230000000000123,3.762995574865821
-4.220000000000123,3.7551479238402137
-4.210000000000123,3.7473055799973785
-4.200000000000124,3.739468549437453
-4.190000000000124,3.7316368382652625
-4.180000000000124,3.72381045259032
-4.170000000000124,3.7159893985268315
-4.1600000000001245,3.708173682193698
-4.150000000000125,3.700363309714515
-4.140000000000125,3.6925582872175817
-4.130000000000125,3.684758620835898
-4.120000000000125,3.67696431670717
-4.1100000000001256,3.669175380973812
-4.100000000000126,3.6613918197829487
-4.090000000000126,3.6536136392864202
-4.080000000000126,3.6458408456407807
-4.070000000000126,3.6380734450073056
-4.060000000000127,3.6303114435519914
-4.050000000000127,3.62255484744556
-4.040000000000127,3.614803662863459
-4.030000000000127,3.6070578959858683
-4.0200000000001275,3.5993175529976993
-4.010000000000128,3.5915826400886
-4.000000000000128,3.5838531634529565
-3.990000000000128,3.576129129289895
-3.9800000000001283,3.5684105438032874
-3.9700000000001285,3.5606974132017513
-3.9600000000001288,3.552989743698653
-3.950000000000129,3.545287541512113
-3.940000000000129,3.5375908128650053
-3.9300000000001294,3.529899563984961
-3.9200000000001296,3.522213801104373
-3.91000000000013,3.514533530460397
-3.90000000000013,3.506858758294954
-3.8900000000001302,3.4991894908547345
-3.8800000000001305,3.4915257343912005
-3.8700000000001307,3.4838674951605877
-3.860000000000131,3.4762147794239087
-3.850000000000131,3.468567593446956
-3.8400000000001313,3.460925943500306
-3.8300000000001315,3.4532898358593185
-3.8200000000001317,3.445659276804142
-3.810000000000132,3.4380342726197157
-3.800000000000132,3.4304148295957737
-3.7900000000001324,3.4228009540268447
-3.7800000000001326,3.4151926522122573
-3.770000000000133,3.407589930456143
-3.760000000000133,3.399992795067436
-3.7500000000001332,3.3924012523598797
-3.7400000000001334,3.3848153086520276
-3.7300000000001337,3.377234970267245
-3.720000000000134,3.369660243533714
-3.710000000000134,3.3620911347844364
-3.7000000000001343,3.3545276503572334
-3.6900000000001345,3.346969796594751
-3.6800000000001347,3.339417579844463
-3.670000000000135,3.3318710064586727
-3.660000000000135,3.3243300827945146
-3.6500000000001354,3.316794815213961
-3.6400000000001356,3.30926521008382
-3.630000000000136,3.301741273775743
-3.620000000000136,3.294223012666222
-3.610000000000136,3.286710433136599
-3.6000000000001364,3.2792035415730627
-3.5900000000001366,3.2717023443666555
-3.580000000000137,3.2642068479132744
-3.570000000000137,3.256717058613674
-3.5600000000001373,3.2492329828734685
-3.5500000000001375,3.241754627103137
-3.5400000000001377,3.2342819977180244
-3.530000000000138,3.2268151011383437
-3.520000000000138,3.219353943789181
-3.5100000000001383,3.2118985321004954
-3.5000000000001386,3.204448872507125
-3.4900000000001388,3.197004971448787
-3.480000000000139,3.189566835370082
-3.470000000000139,3.182134470720497
-3.4600000000001394,3.1747078839544063
-3.4500000000001396,3.1672870815310774
-3.44000000000014,3.15987206991467
-3.43000000000014,3.1524628555742433
-3.4200000000001403,3.145059444983754
-3.4100000000001405,3.1376618446220643
-3.4000000000001407,3.1302700609729395
-3.390000000000141,3.1228841005250545
-3.380000000000141,3.115503969771995
-3.3700000000001413,3.1081296752122616
-3.3600000000001415,3.100761223349271
-3.3500000000001418,3.0933986206913593
-3.340000000000142,3.0860418737517863
-3.330000000000142,3.0786909890487366
-3.3200000000001424,3.071345973105323
-3.3100000000001426,3.0640068324495893
-3.300000000000143,3.0566735736145136
-3.290000000000143,3.0493462031380103
-3.2800000000001432,3.042024727562933
-3.2700000000001435,3.0347091534370794
-3.2600000000001437,3.02739948731319
-3.250000000000144,3.0200957357489564
-3.240000000000144,3.012797905307018
-3.2300000000001443,3.0055060025549705
-3.2200000000001445,2.998220034065365
-3.2100000000001447,2.9909400064157126
-3.200000000000145,2.983665926188486
-3.190000000000145,2.9763977999711244
-3.1800000000001454,2.969135634356034
-3.1700000000001456,2.961879435940592
-3.160000000000146,2.9546292113271506
-3.150000000000146,2.9473849671230368
-3.1400000000001462,2.940146709940558
-3.1300000000001464,2.932914446397004
-3.1200000000001467,2.9256881831146506
-3.110000000000147,2.9184679267207594
-3.100000000000147,2.9112536838475855
-3.0900000000001473,2.9040454611323767
-3.0800000000001475,2.8968432652173766
-3.0700000000001477,2.8896471027498296
-3.060000000000148,2.882456980381982
-3.050000000000148,2.875272904771086
-3.0400000000001484,2.868094882579401
-3.0300000000001486,2.860922920474198
-3.020000000000149,2.853757025127762
-3.010000000000149,2.846597203217394
-3.000000000000149,2.8394434614254163
-2.9900000000001494,2.8322958064391712
-2.9800000000001496,2.8251542449510296
-2.97000000000015,2.8180187836583874
-2.96000000000015,2.8108894292636744
-2.9500000000001503,2.803766188474353
-2.9400000000001505,2.796649068002923
-2.9300000000001507,2.7895380745669236
-2.920000000000151,2.7824332148889375
-2.910000000000151,2.775334495696592
-2.9000000000001513,2.768241923722565
-2.8900000000001516,2.7611555057045827
-2.8800000000001518,2.754075248385428
-2.870000000000152,2.74700115851294
-2.860000000000152,2.7399332428400185
-2.8500000000001524,2.7328715081246253
-2.8400000000001526,2.725815961129789
-2.830000000000153,2.718766608623607
-2.820000000000153,2.7117234573792475
-2.8100000000001533,2.7046865141749543
-2.8000000000001535,2.6976557857940477
-2.7900000000001537,2.6906312790249296
-2.780000000000154,2.6836130006610843
-2.770000000000154,2.676600957501083
-2.7600000000001543,2.6695951563485845
-2.7500000000001545,2.662595604012342
-2.7400000000001548,2.655602307306202
-2.730000000000155,2.6486152730491086
-2.720000000000155,2.6416345080651085
-2.7100000000001554,2.6346600191833507
-2.7000000000001556,2.62769181323809
-2.690000000000156,2.6207298970686934
-2.680000000000156,2.6137742775196378
-2.6700000000001562,2.6068249614405166
-2.6600000000001565,2.5998819556860417
-2.6500000000001567,2.5929452671160456
-2.640000000000157,2.5860149025954855
-2.630000000000157,2.579090868994445
-2.6200000000001573,2.5721731731881388
-2.6100000000001575,2.565261822056913
-2.6000000000001577,2.558356822486252
-2.590000000000158,2.5514581813667756
-2.580000000000158,2.5445659055942484
-2.5700000000001584,2.537680002069578
-2.5600000000001586,2.53080047769882
-2.550000000000159,2.5239273393931816
-2.540000000000159,2.5170605940690214
-2.5300000000001592,2.5102002486478563
-2.5200000000001594,2.5033463100563615
-2.5100000000001597,2.4964987852263754
-2.50000000000016,2.4896576810949003
-2.49000000000016,2.482823004604108
-2.4800000000001603,2.4759947627013412
-2.4700000000001605,2.469172962339116
-2.4600000000001607,2.462357610475127
-2.450000000000161,2.4555487140722465
-2.440000000000161,2.4487462800985327
-2.4300000000001614,2.4419503155272273
-2.4200000000001616,2.4351608273367615
-2.410000000000162,2.4283778225107593
-2.400000000000162,2.4216013080380385
-2.390000000000162,2.414831290912615
-2.3800000000001624,2.408067778133705
-2.3700000000001626,2.401310776705729
-2.360000000000163,2.3945602936383144
-2.350000000000163,2.3878163359462965
-2.3400000000001633,2.3810789106497254
-2.3300000000001635,2.374348024773865
-2.3200000000001637,2.3676236853491988
-2.310000000000164,2.3609058994114314
-2.300000000000164,2.3541946740014916
-2.2900000000001643,2.347490016165536
-2.2800000000001646,2.340791932954952
-2.2700000000001648,2.334100431426359
-2.260000000000165,2.327415518641614
-2.250000000000165,2.3207372016678134
-2.2400000000001654,2.314065487577295
-2.2300000000001656,2.307400383447642
-2.220000000000166,2.300741896361687
-2.210000000000166,2.2940900334075134
-2.2000000000001663,2.2874448016784577
-2.1900000000001665,2.2808062082731153
-2.1800000000001667,2.2741742602953408
-2.170000000000167,2.2675489648542526
-2.160000000000167,2.2609303290642346
-2.1500000000001673,2.2543183600449406
-2.1400000000001675,2.2477130649212964
-2.1300000000001678,2.2411144508235035
-2.120000000000168,2.2345225248870397
-2.110000000000168,2.2279372942526665
-2.1000000000001684,2.2213587660664285
-2.0900000000001686,2.214786947479657
-2.080000000000169,2.208221845648974
-2.070000000000169,2.201663467736295
-2.0600000000001693,2.195111820908831
-2.0500000000001695,2.1885669123390925
-2.0400000000001697,2.182028749204893
-2.03000000000017,2.1754973386893504
-2.02000000000017,2.1689726879808906
-2.0100000000001703,2.162454804273252
-2.0000000000001705,2.1559436947654853
-1.9900000000001707,2.149439366661961
-1.980000000000171,2.1429418271723675
-1.9700000000001712,2.136451083511718
-1.9600000000001714,2.129967142900352
-1.9500000000001716,2.1234900125639378
-1.9400000000001718,2.117019699733476
-1.930000000000172,2.110556211645303
-1.9200000000001722,2.104099555541094
-1.9100000000001724,2.097649738667865
-1.9000000000001727,2.091206768277977
-1.8900000000001729,2.0847706516291376
-1.880000000000173,2.078341395984406
-1.8700000000001733,2.071919008612195
-1.8600000000001735,2.0655034967862727
-1.8500000000001737,2.0590948677857686
-1.840000000000174,2.0526931288951737
-1.8300000000001742,2.0462982874043454
-1.8200000000001744,2.039910350608509
-1.8100000000001746,2.0335293258082627
-1.8000000000001748,2.027155220309579
-1.790000000000175,2.020788041423808
-1.7800000000001752,2.0144277964676816
-1.7700000000001754,2.0080744927633143
-1.7600000000001756,2.0017281376382097
-1.7500000000001759,1.9953887384252593
-1.740000000000176,1.9890563024627488
-1.7300000000001763,1.9827308370943606
-1.7200000000001765,1.976412349669175
-1.7100000000001767,1.9701008475416757
-1.700000000000177,1.9637963380717511
-1.6900000000001771,1.9574988286246988
-1.6800000000001774,1.951208326571227
-1.6700000000001776,1.9449248392874587
-1.6600000000001778,1.938648374154935
-1.650000000000178,1.9323789385606165
-1.6400000000001782,1.9261165398968887
-1.6300000000001784,1.9198611855615633
-1.6200000000001786,1.913612882957882
-1.6100000000001788,1.907371639494519
-1.600000000000179,1.9011374625855855
-1.5900000000001793,1.8949103596506305
-1.5800000000001795,1.8886903381146465
-1.5700000000001797,1.8824774054080695
-1.56000000000018,1.8762715689667853
-1.5500000000001801,1.8700728362321304
-1.5400000000001803,1.8638812146508958
-1.5300000000001805,1.85769671167533
-1.5200000000001808,1.8515193347631422
-1.510000000000181,1.8453490913775052
-1.5000000000001812,1.8391859889870588
-1.4900000000001814,1.8330300350659121
-1.4800000000001816,1.8268812370936476
-1.4700000000001818,1.820739602555324
-1.460000000000182,1.8146051389414781
-1.4500000000001823,1.8084778537481303
-1.4400000000001825,1.802357754476785
-1.4300000000001827,1.7962448486344365
-1.420000000000183,1.7901391437335692
-1.410000000000183,1.7840406472921626
-1.4000000000001833,1.7779493668336939
-1.3900000000001835,1.771865309887141
-1.3800000000001837,1.7657884839869862
-1.370000000000184,1.7597188966732178
-1.3600000000001842,1.753656555491335
-1.3500000000001844,1.74760146799235
-1.3400000000001846,1.741553641732791
-1.3300000000001848,1.7355130842747062
-1.320000000000185,1.729479803185666
-1.3100000000001852,1.723453806038766
-1.3000000000001855,1.7174351004126316
-1.2900000000001857,1.711423693891419
-1.2800000000001859,1.70541959406482
-1.270000000000186,1.6994228085280643
-1.2600000000001863,1.6934333448819225
-1.2500000000001865,1.6874512107327106
-1.2400000000001867,1.6814764136922906
-1.230000000000187,1.6755089613780763
-1.2200000000001872,1.6695488614130343
-1.2100000000001874,1.663596121425689
-1.2000000000001876,1.6576507490501236
-1.1900000000001878,1.651712751925985
-1.180000000000188,1.645782137698487
-1.1700000000001882,1.6398589140184114
-1.1600000000001884,1.6339430885421131
-1.1500000000001886,1.6280346689315226
-1.1400000000001889,1.6221336628541496
-1.130000000000189,1.616240077983085
-1.1200000000001893,1.610353921997005
-1.1100000000001895,1.6044752025801736
-1.1000000000001897,1.598603927422447
-1.09000000000019,1.592740104219275
-1.0800000000001901,1.5868837406717053
-1.0700000000001904,1.5810348444863864
-1.0600000000001906,1.5751934233755702
-1.0500000000001908,1.5693594850571166
-1.040000000000191,1.563533037254495
-1.0300000000001912,1.5577140876967883
-1.0200000000001914,1.5519026441186954
-1.0100000000001916,1.5460987142605358
-1.0000000000001918,1.5403023058682508
-0.9900000000001921,1.5345134266934086
-0.9800000000001923,1.5287320844932057
-0.9700000000001925,1.5229582870304714
-0.9600000000001927,1.5171920420736702
-0.9500000000001929,1.5114333573969052
-0.9400000000001931,1.5056822407799215
-0.9300000000001933,1.4999387000081088
-0.9200000000001936,1.4942027428725049
-0.9100000000001938,1.4884743771697995
-0.900000000000194,1.4827536107023358
-0.8900000000001942,1.477040451278115
-0.8800000000001944,1.4713349067107995
-0.8700000000001946,1.465636984819715
-0.8600000000001948,1.4599466934298548
-0.850000000000195,1.454264040371882
-0.8400000000001953,1.448589033482134
-0.8300000000001955,1.4429216806026242
-0.8200000000001957,1.4372619895810455
-0.8100000000001959,1.431609968270775
-0.8000000000001961,1.4259656245308752
-0.7900000000001963,1.4203289662260983
-0.7800000000001965,1.4147000012268887
-0.7700000000001967,1.409078737409387
-0.760000000000197,1.4034651826554327
-0.7500000000001972,1.3978593448525674
-0.7400000000001974,1.3922612318940377
-0.7300000000001976,1.3866708516787996
-0.7200000000001978,1.38108821211152
-0.710000000000198,1.3755133211025814
-0.7000000000001982,1.3699461865680838
-0.6900000000001985,1.3643868164298492
-0.6800000000001987,1.3588352186154236
-0.6700000000001989,1.353291401058081
-0.6600000000001991,1.3477553716968265
-0.6500000000001993,1.342227138476399
-0.6400000000001995,1.3367067093472755
-0.6300000000001997,1.3311940922656724
-0.6200000000002,1.3256892951935513
-0.6100000000002002,1.3201923260986193
-0.6000000000002004,1.314703192954335
-0.5900000000002006,1.30922190373991
-0.5800000000002008,1.3037484664403118
-0.570000000000201,1.2982828890462694
-0.5600000000002012,1.2928251795542733
-0.5500000000002014,1.2873753459665813
-0.5400000000002017,1.28193339629122
-0.5300000000002019,1.2764993385419898
-0.5200000000002021,1.2710731807384659
-0.5100000000002023,1.2656549309060035
-0.5000000000002025,1.2602445970757397
-0.4900000000002027,1.2548421872845978
-0.48000000000020293,1.24944770957529
-0.47000000000020314,1.2440611719963202
-0.46000000000020336,1.2386825826019878
-0.45000000000020357,1.233311949452391
-0.4400000000002038,1.2279492806134296
-0.430000000000204,1.2225945841568089
-0.4200000000002042,1.217247868160042
-0.4100000000002044,1.211909140706454
-0.40000000000020464,1.2065784098851846
-0.39000000000020485,1.2012556837911914
-0.38000000000020506,1.1959409705252537
-0.3700000000002053,1.1906342781939752
-0.3600000000002055,1.1853356149097871
-0.3500000000002057,1.1800449887909519
-0.3400000000002059,1.1747624079615666
-0.33000000000020613,1.1694878805515656
-0.32000000000020634,1.1642214146967236
-0.31000000000020655,1.1589630185386604
-0.30000000000020677,1.1537127002248422
-0.290000000000207,1.1484704679085862
-0.2800000000002072,1.1432363297490635
-0.2700000000002074,1.138010293911302
-0.2600000000002076,1.1327923685661907
-0.25000000000020783,1.127582561890481
-0.24000000000020805,1.1223808820667922
-0.23000000000020826,1.1171873372836139
-0.22000000000020847,1.1120019357353081
-0.2100000000002087,1.106824685622115
-0.2000000000002089,1.1016555951501532
-0.1900000000002091,1.0964946725314255
-0.18000000000020933,1.0913419259838215
-0.17000000000020954,1.0861973637311197
-0.16000000000020975,1.0810609940029927
-0.15000000000020997,1.0759328250350086
-0.14000000000021018,1.0708128650686355
-0.1300000000002104,1.065701122351245
-0.1200000000002106,1.0605976051361137
-0.11000000000021082,1.0555023216824289
-0.10000000000021103,1.0504152802552902
-0.09000000000021124,1.045336489125713
-0.08000000000021146,1.0402659565706331
-0.07000000000021167,1.035203690872908
-0.060000000000211884,1.0301497003213214
-0.0500000000002121,1.0251039932105863
-0.04000000000021231,1.0200665778413485
-0.030000000000212523,1.0150374625201892
-0.020000000000212736,1.0100166555596295
-0.01000000000021295,1.0050041652781325
-2.1316282072803006e-13,1.0000000000001066
0.009999999999786624,0.9850041652783457
0.01999999999978641,0.970016655559843
0.029999999999786198,0.9550374625204028
0.039999999999785985,0.9400665778415619
0.04999999999978577,0.9251039932107998
0.05999999999978556,0.910149700321535
0.06999999999978535,0.8952036908731217
0.07999999999978513,0.8802659565708469
0.08999999999978492,0.865336489125927
0.0999999999997847,0.8504152802555041
0.10999999999978449,0.8355023216826428
0.11999999999978428,0.8205976051363276
0.12999999999978407,0.805701122351459
0.13999999999978385,0.7908128650688497
0.14999999999978364,0.7759328250352229
0.15999999999978343,0.761060994003207
0.1699999999997832,0.7461973637313343
0.179999999999783,0.731341925984036
0.1899999999997828,0.7164946725316402
0.19999999999978257,0.7016555951503678
0.20999999999978236,0.6868246856223297
0.21999999999978215,0.6720019357355231
0.22999999999978193,0.6571873372838287
0.23999999999978172,0.6423808820670073
0.2499999999997815,0.627582561890696
0.2599999999997813,0.6127923685664056
0.2699999999997811,0.5980102939115173
0.27999999999978087,0.5832363297492787
0.28999999999978066,0.5684704679088016
0.29999999999978044,0.5537127002250576
0.30999999999978023,0.538963018538876
0.31999999999978,0.5242214146969393
0.3299999999997798,0.5094878805517813
0.3399999999997796,0.4947624079617825
0.3499999999997794,0.48004498879116786
0.35999999999977916,0.46533561491000297
0.36999999999977895,0.4506342781941912
0.37999999999977874,0.43594097052547
0.3899999999997785,0.42125568379140765
0.3999999999997783,0.40657840988540084
0.4099999999997781,0.3919091407066704
0.4199999999997779,0.37724786816025846
0.42999999999977767,0.3625945841570254
0.43999999999977746,0.3479492806136463
0.44999999999977724,0.33331194945260756
0.45999999999977703,0.3186825826022045
0.4699999999997768,0.3040611719965369
0.4799999999997766,0.2894477095755069
0.4899999999997764,0.2748421872848149
0.4999999999997762,0.2602445970759568
0.509999999999776,0.2456549309062206
0.5199999999997758,0.2310731807386831
0.5299999999997755,0.21649933854220726
0.5399999999997753,0.2019333962914377
0.5499999999997751,0.18737534596679883
0.5599999999997749,0.17282517955449106
0.5699999999997747,0.15828288904648724
0.5799999999997745,0.14374846644052985
0.5899999999997743,0.12922190374012787
0.599999999999774,0.11470319295455311
0.6099999999997738,0.10019232609883744
0.6199999999997736,0.08568929519376944
0.6299999999997734,0.07119409226589091
0.6399999999997732,0.05670670934749389
0.649999999999773,0.04222713847661774
0.6599999999997728,0.027755371697045117
0.6699999999997726,0.013291401058299623
0.6799999999997723,-0.001164781384357716
0.6899999999997721,-0.015613183569932021
0.6999999999997719,-0.03005381343169722
0.7099999999997717,-0.04448667889719948
0.7199999999997715,-0.05891178788826068
0.7299999999997713,-0.07332914832098103
0.7399999999997711,-0.08773876810574288
0.7499999999997708,-0.10214065514721316
0.7599999999997706,-0.11653481734434767
0.7699999999997704,-0.13092126259039316
0.7799999999997702,-0.14529999877289146
0.78999999999977,-0.15967103377368175
0.7999999999997698,-0.17403437546890466
0.8099999999997696,-0.18839003172900481
0.8199999999997694,-0.2027380104187343
0.8299999999997691,-0.21707831939715572
0.8399999999997689,-0.2314109665176457
0.8499999999997687,-0.2457359596278974
0.8599999999997685,-0.26005330656992465
0.8699999999997683,-0.27436301518006434
0.8799999999997681,-0.2886650932889797
0.8899999999997679,-0.3029595487216641
0.8999999999997677,-0.3172463892974433
0.9099999999997674,-0.33152562282997944
0.9199999999997672,-0.3457972571272738
0.929999999999767,-0.3600612999916699
0.9399999999997668,-0.3743177592198571
0.9499999999997666,-0.3885666426028733
0.9599999999997664,-0.40280795792610835
0.9699999999997662,-0.41704171296930703
0.979999999999766,-0.4312679155065725
0.9899999999997657,-0.44548657330636965
0.9999999999997655,-0.45969769413152717
1.0099999999997653,-0.47390128573924206
1.019999999999765,-0.4880973558810823
1.0299999999997649,-0.5022859123029894
1.0399999999997647,-0.5164669627452824
1.0499999999997645,-0.5306405149426606
1.0599999999997642,-0.5448065766242071
1.069999999999764,-0.5589651555133909
1.0799999999997638,-0.573116259328072
1.0899999999997636,-0.5872598957805021
1.0999999999997634,-0.60139607257733
1.1099999999997632,-0.6155247974196032
1.119999999999763,-0.6296460780027718
1.1299999999997627,-0.6437599220166916
1.1399999999997625,-0.6578663371456268
1.1499999999997623,-0.6719653310682537
1.159999999999762,-0.6860569114576633
1.169999999999762,-0.7001410859813649
1.1799999999997617,-0.714217862301289
1.1899999999997615,-0.7282872480737909
1.1999999999997613,-0.7423492509496524
1.209999999999761,-0.7564038785740868
1.2199999999997608,-0.7704511385867412
1.2299999999997606,-0.7844910386216992
1.2399999999997604,-0.7985235863074848
1.2499999999997602,-0.8125487892670649
1.25999999999976,-0.8265666551178525
1.2699999999997598,-0.8405771914717108
1.2799999999997596,-0.8545804059349549
1.2899999999997593,-0.8685763061083558
1.2999999999997591,-0.8825648995871431
1.309999999999759,-0.8965461939610085
1.3199999999997587,-0.9105201968141085
1.3299999999997585,-0.9244869157250681
1.3399999999997583,-0.9384463582669831
1.349999999999758,-0.9523985320074242
1.3599999999997578,-0.9663434445084391
1.3699999999997576,-0.9802811033265562
1.3799999999997574,-0.9942115160127878
1.3899999999997572,-1.0081346901126327
1.399999999999757,-1.0220506331660797
1.4099999999997568,-1.035959352707611
1.4199999999997566,-1.0498608562662042
1.4299999999997564,-1.0637551513653367
1.4399999999997561,-1.077642245522988
1.449999999999756,-1.0915221462516427
1.4599999999997557,-1.1053948610582947
1.4699999999997555,-1.119260397444449
1.4799999999997553,-1.133118762906125
1.489999999999755,-1.1469699649338603
1.4999999999997549,-1.1608140110127136
1.5099999999997546,-1.1746509086222667
1.5199999999997544,-1.1884806652366295
1.5299999999997542,-1.2023032883244418
1.539999999999754,-1.216118785348876
1.5499999999997538,-1.2299271637676412
1.5599999999997536,-1.2437284310329864
1.5699999999997534,-1.257522594591702
1.5799999999997532,-1.271309661885125
1.589999999999753,-1.2850896403491405
1.5999999999997527,-1.2988625374141858
1.6099999999997525,-1.3126283605052518
1.6199999999997523,-1.326387117041889
1.629999999999752,-1.3401388144382076
1.6399999999997519,-1.3538834601028817
1.6499999999997517,-1.367621061439154
1.6599999999997515,-1.3813516258448355
1.6699999999997512,-1.3950751607123113
1.679999999999751,-1.408791673428543
1.6899999999997508,-1.422501171375071
1.6999999999997506,-1.4362036619280185
1.7099999999997504,-1.449899152458094
1.7199999999997502,-1.4635876503305947
1.72999999999975,-1.4772691629054089
1.7399999999997497,-1.4909436975370203
1.7499999999997495,-1.50461126157451
1.7599999999997493,-1.5182718623615594
1.769999999999749,-1.5319255072364544
1.779999999999749,-1.5455722035320874
1.7899999999997487,-1.5592119585759605
1.7999999999997485,-1.5728447796901897
1.8099999999997483,-1.5864706741915056
1.819999999999748,-1.6000896493912593
1.8299999999997478,-1.613701712595423
1.8399999999997476,-1.6273068711045944
1.8499999999997474,-1.6409051322139994
1.8599999999997472,-1.6544965032134953
1.869999999999747,-1.668080991387573
1.8799999999997468,-1.6816586040153616
1.8899999999997465,-1.69522934837063
1.8999999999997463,-1.7087932317217904
1.9099999999997461,-1.7223502613319022
1.919999999999746,-1.735900444458673
1.9299999999997457,-1.7494437883544636
1.9399999999997455,-1.7629803002662907
1.9499999999997453,-1.7765099874358288
1.959999999999745,-1.7900328570994144
1.9699999999997448,-1.803548916488048
1.9799999999997446,-1.8170581728273987
1.9899999999997444,-1.8305606333378053
1.9999999999997442,-1.8440563052342804
2.009999999999744,-1.8575451957265139
2.019999999999744,-1.8710273120188747
2.0299999999997436,-1.884502661310415
2.0399999999997434,-1.8979712507948723
2.049999999999743,-1.9114330876606724
2.059999999999743,-1.9248881790909342
2.0699999999997427,-1.9383365322634702
2.0799999999997425,-1.9517781543507908
2.0899999999997423,-1.9652130525201077
2.099999999999742,-1.9786412339333361
2.109999999999742,-1.9920627057470977
2.1199999999997416,-2.0054774751127242
2.1299999999997414,-2.0188855491762605
2.139999999999741,-2.032286935078467
2.149999999999741,-2.045681639954823
2.159999999999741,-2.059069670935529
2.1699999999997406,-2.072451035145511
2.1799999999997404,-2.0858257397044224
2.18999999999974,-2.099193791726648
2.19999999999974,-2.112555198321305
2.2099999999997397,-2.12590996659225
2.2199999999997395,-2.139258103638076
2.2299999999997393,-2.152599616552121
2.239999999999739,-2.165934512422468
2.249999999999739,-2.179262798331949
2.2599999999997387,-2.192584481358148
2.2699999999997384,-2.205899568573403
2.2799999999997382,-2.2192080670448098
2.289999999999738,-2.2325099838342255
2.299999999999738,-2.24580532599827
2.3099999999997376,-2.2590941005883303
2.3199999999997374,-2.2723763146505624
2.329999999999737,-2.285651975225896
2.339999999999737,-2.298921089350036
2.3499999999997367,-2.3121836640534643
2.3599999999997365,-2.3254397063614465
2.3699999999997363,-2.3386892232940313
2.379999999999736,-2.3519322218660554
2.389999999999736,-2.365168709087145
2.3999999999997357,-2.378398691961722
2.4099999999997355,-2.3916221774890007
2.4199999999997353,-2.4048391726629985
2.429999999999735,-2.4180496844725323
2.439999999999735,-2.431253719901227
2.4499999999997346,-2.4444512859275127
2.4599999999997344,-2.4576423895246324
2.469999999999734,-2.470827037660643
2.479999999999734,-2.4840052372984176
2.4899999999997338,-2.497176995395651
2.4999999999997335,-2.5103423189048586
2.5099999999997333,-2.5235012147733835
2.519999999999733,-2.5366536899433965
2.529999999999733,-2.5497997513519017
2.5399999999997327,-2.5629394059307367
2.5499999999997325,-2.576072660606576
2.5599999999997323,-2.5891995223009374
2.569999999999732,-2.6023199979301794
2.579999999999732,-2.6154340944055092
2.5899999999997316,-2.6285418186329816
2.5999999999997314,-2.6416431775135054
2.609999999999731,-2.6547381779428436
2.619999999999731,-2.667826826811618
2.6299999999997308,-2.6809091310053113
2.6399999999997306,-2.693985097404271
2.6499999999997303,-2.7070547328837105
2.65999999999973,-2.7201180443137143
2.66999999999973,-2.733175038559239
2.6799999999997297,-2.7462257224801183
2.6899999999997295,-2.7592701029310622
2.6999999999997293,-2.7723081867616655
2.709999999999729,-2.785339980816405
2.719999999999729,-2.798365491934647
2.7299999999997286,-2.8113847269506462
2.7399999999997284,-2.824397692693553
2.749999999999728,-2.837404395987413
2.759999999999728,-2.85040484365117
2.769999999999728,-2.8633990424986715
2.7799999999997276,-2.8763869993386697
2.7899999999997274,-2.8893687209748244
2.799999999999727,-2.9023442142057063
2.809999999999727,-2.9153134858247998
2.8199999999997267,-2.928276542620506
2.8299999999997265,-2.9412333913761466
2.8399999999997263,-2.9541840388699643
2.849999999999726,-2.967128491875128
2.859999999999726,-2.980066757159735
2.8699999999997257,-2.9929988414868127
2.8799999999997254,-3.005924751614325
2.8899999999997252,-3.0188444942951698
2.899999999999725,-3.0317580762771876
2.909999999999725,-3.04466550430316
2.9199999999997246,-3.0575667851108146
2.9299999999997244,-3.0704619254328285
2.939999999999724,-3.083350931996829
2.949999999999724,-3.0962338115253987
2.9599999999997237,-3.109110570736077
2.9699999999997235,-3.121981216341364
2.9799999999997233,-3.1348457550487216
2.989999999999723,-3.1477041935605796
2.999999999999723,-3.1605565385743346
3.0099999999997227,-3.1734027967823564
3.0199999999997225,-3.1862429748719885
3.0299999999997222,-3.1990770795255523
3.039999999999722,-3.211905117420349
3.049999999999722,-3.2247270952286637
3.0599999999997216,-3.2375430196177675
3.0699999999997214,-3.25035289724992
3.079999999999721,-3.263156734782373
3.089999999999721,-3.2759545388673725
3.0999999999997208,-3.2887463161521633
3.1099999999997205,-3.301532073278989
3.1199999999997203,-3.3143118168850982
3.12999999999972,-3.3270855536027444
3.13999999999972,-3.33985329005919
3.1499999999997197,-3.3526150328767117
3.1599999999997195,-3.3653707886725974
3.1699999999997193,-3.3781205640591554
3.179999999999719,-3.3908643656437136
3.189999999999719,-3.4036022000286232
3.1999999999997186,-3.416334073811261
3.2099999999997184,-3.4290599935840347
3.219999999999718,-3.441779965934382
3.229999999999718,-3.454493997444776
3.2399999999997178,-3.4672020946927287
3.2499999999997176,-3.47990426425079
3.2599999999997173,-3.492600512686556
3.269999999999717,-3.5052908465626667
3.279999999999717,-3.5179752724368125
3.2899999999997167,-3.5306537968617353
3.2999999999997165,-3.543326426385232
3.3099999999997163,-3.555993167550156
3.319999999999716,-3.568654026894422
3.329999999999716,-3.581309010951008
3.3399999999997156,-3.593958126247958
3.3499999999997154,-3.6066013793083855
3.359999999999715,-3.619238776650474
3.369999999999715,-3.631870324787483
3.379999999999715,-3.644496030227749
3.3899999999997146,-3.6571158994746895
3.3999999999997144,-3.669729939026804
3.409999999999714,-3.6823381553776793
3.419999999999714,-3.694940555015989
3.4299999999997137,-3.7075371444255003
3.4399999999997135,-3.7201279300850727
3.4499999999997133,-3.732712918468666
3.459999999999713,-3.745292116045336
3.469999999999713,-3.7578655292792456
3.4799999999997127,-3.7704331646296603
3.4899999999997124,-3.782995028550955
3.4999999999997122,-3.795551127492617
3.509999999999712,-3.808101467899246
3.519999999999712,-3.8206460562105606
3.5299999999997116,-3.833184898861398
3.5399999999997114,-3.845718002281717
3.549999999999711,-3.858245372896604
3.559999999999711,-3.8707670171262727
3.5699999999997107,-3.8832829413860668
3.5799999999997105,-3.895793152086466
3.5899999999997103,-3.9082976556330844
3.59999999999971,-3.9207964584266772
3.60999999999971,-3.933289566863141
3.6199999999997097,-3.9457769873335176
3.6299999999997095,-3.9582587262239968
3.6399999999997092,-3.970734789915919
3.649999999999709,-3.983205184785778
3.659999999999709,-3.995669917205224
3.6699999999997086,-4.008128993541066
3.6799999999997084,-4.020582420155275
3.689999999999708,-4.033030203404987
3.699999999999708,-4.045472349642505
3.7099999999997078,-4.0579088652153015
3.7199999999997075,-4.070339756466024
3.7299999999997073,-4.082765029732493
3.739999999999707,-4.09518469134771
3.749999999999707,-4.107598747639858
3.7599999999997067,-4.1200072049323015
3.7699999999997065,-4.132410069543594
3.7799999999997063,-4.144807347787479
3.789999999999706,-4.157199045972892
3.799999999999706,-4.169585170403963
3.8099999999997056,-4.18196572738002
3.8199999999997054,-4.1943407231955945
3.829999999999705,-4.206710164140418
3.839999999999705,-4.219074056499429
3.8499999999997048,-4.231432406552779
3.8599999999997046,-4.243785220575827
3.8699999999997043,-4.256132504839147
3.879999999999704,-4.268474265608535
3.889999999999704,-4.280810509145
3.8999999999997037,-4.29314124170478
3.9099999999997035,-4.305466469539337
3.9199999999997033,-4.317786198895361
3.929999999999703,-4.3301004360147735
3.939999999999703,-4.342409187134729
3.9499999999997026,-4.3547124584876205
3.9599999999997024,-4.36701025630108
3.969999999999702,-4.379302586797982
3.979999999999702,-4.391589456196446
3.989999999999702,-4.403870870709838
3.9999999999997016,-4.416146836546776
4.009999999999701,-4.428417359911132
4.019999999999701,-4.4406824470020325
4.029999999999701,-4.4529421040138635
4.039999999999701,-4.465196337136272
4.0499999999997005,-4.477445152554171
4.0599999999997,-4.48968855644774
4.0699999999997,-4.5019265549924254
4.0799999999997,-4.514159154358951
4.0899999999997,-4.52638636071331
4.099999999999699,-4.538608180216782
4.109999999999699,-4.550824619025918
4.119999999999699,-4.5630356832925605
4.129999999999699,-4.575241379163832
4.139999999999699,-4.587441712782148
4.149999999999698,-4.599636690285214
4.159999999999698,-4.611826317806032
4.169999999999698,-4.624010601472897
4.179999999999698,-4.636189547409408
4.1899999999996975,-4.6483631617344665
4.199999999999697,-4.660531450562275
4.209999999999697,-4.67269442000235
4.219999999999697,-4.6848520761595145
4.229999999999697,-4.6970044251339065
4.2399999999996965,-4.709151473020981
4.249999999999696,-4.721293225911511
4.259999999999696,-4.733429689891591
4.269999999999696,-4.745560871042642
4.279999999999696,-4.7576867754414085
4.289999999999695,-4.769807409159968
4.299999999999695,-4.78192277826573
4.309999999999695,-4.794032888821438
4.319999999999695,-4.806137746885175
4.3299999999996945,-4.8182373585103635
4.339999999999694,-4.830331729745771
4.349999999999694,-4.842420866635509
4.359999999999694,-4.85450477521904
4.369999999999694,-4.8665834615311745
4.3799999999996935,-4.878656931602083
4.389999999999693,-4.890725191457288
4.399999999999693,-4.902788247117674
4.409999999999693,-4.914846104599487
4.419999999999693,-4.926898769914338
4.429999999999692,-4.938946249069207
4.439999999999692,-4.950988548066443
4.449999999999692,-4.9630256729037665
4.459999999999692,-4.975057629574279
4.4699999999996916,-4.987084424066457
4.479999999999691,-4.999106062364158
4.489999999999691,-5.011122550446625
4.499999999999691,-5.023133894288485
4.509999999999691,-5.035140099859757
4.5199999999996905,-5.047141173125852
4.52999999999969,-5.059137120047574
4.53999999999969,-5.071127946581125
4.54999999999969,-5.083113658678108
4.55999999999969,-5.095094262285525
4.569999999999689,-5.107069763345789
4.579999999999689,-5.119040167796719
4.589999999999689,-5.131005481571541
4.599999999999689,-5.1429657105989
4.609999999999689,-5.154920860802853
4.619999999999688,-5.166870938102878
4.629999999999688,-5.178815948413875
4.639999999999688,-5.190755897646165
4.649999999999688,-5.202690791705498
4.6599999999996875,-5.214620636493054
4.669999999999687,-5.226545437905444
4.679999999999687,-5.238465201834715
4.689999999999687,-5.2503799341683495
4.699999999999687,-5.262289640789271
4.709999999999686,-5.274194327575848
4.719999999999686,-5.28609400040189
4.729999999999686,-5.297988665136659
4.739999999999686,-5.309878327644864
4.749999999999686,-5.32176299378667
4.759999999999685,-5.333642669417699
4.769999999999685,-5.345517360389029
4.779999999999685,-5.3573870725472
4.789999999999685,-5.369251811734217
4.7999999999996845,-5.381111583787551
4.809999999999684,-5.392966394540144
4.819999999999684,-5.404816249820407
4.829999999999684,-5.416661155452228
4.839999999999684,-5.428501117254971
4.8499999999996835,-5.440336141043481
4.859999999999683,-5.452166232628086
4.869999999999683,-5.463991397814597
4.879999999999683,-5.475811642404315
4.889999999999683,-5.48762697219403
4.899999999999682,-5.499437392976025
4.909999999999682,-5.5112429105380825
4.919999999999682,-5.523043530663479
4.929999999999682,-5.534839259130994
4.9399999999996815,-5.546630101714909
4.949999999999681,-5.558416064185014
4.959999999999681,-5.5701971523066085
4.969999999999681,-5.5819733718405
4.979999999999681,-5.593744728543014
4.9899999999996805,-5.605511228165991
4.99999999999968,-5.6172728764567905
5.00999999999968,-5.629029679158296
5.01999999999968,-5.640781642008913
5.02999999999968,-5.6525287707425775
5.039999999999679,-5.664271071088754
5.049999999999679,-5.676008548772438
5.059999999999679,-5.687741209514162
5.069999999999679,-5.6994690590299975
5.0799999999996786,-5.711192103031554
5.089999999999678,-5.722910347225985
5.099999999999678,-5.734623797315989
5.109999999999678,-5.746332458999815
5.119999999999678,-5.7580363379712605
5.1299999999996775,-5.769735439919677
5.139999999999677,-5.781429770529973
5.149999999999677,-5.793119335482617
5.159999999999677,-5.8048041404536335
5.169999999999677,-5.8164841911146175
5.179999999999676,-5.828159493132726
5.189999999999676,-5.839830052170687
5.199999999999676,-5.851495873886801
5.209999999999676,-5.86315696393494
5.219999999999676,-5.8748133279645565
5.229999999999675,-5.88646497162068
5.239999999999675,-5.898111900543923
5.249999999999675,-5.909754120370483
5.259999999999675,-5.921391636732144
5.2699999999996745,-5.933024455256281
5.279999999999674,-5.944652581565861
5.289999999999674,-5.956276021279446
5.299999999999674,-5.9678947800111946
5.309999999999674,-5.97950886337087
5.319999999999673,-5.991118276963832
5.329999999999673,-6.002723026391051
5.339999999999673,-6.014323117249102
5.349999999999673,-6.025918555130174
5.359999999999673,-6.037509345622066
5.369999999999672,-6.049095494308196
5.379999999999672,-6.0606770067675955
5.389999999999672,-6.072253888574922
5.399999999999672,-6.0838261453004545
5.4099999999996715,-6.095393782510098
5.419999999999671,-6.106956805765385
5.429999999999671,-6.118515220623484
5.439999999999671,-6.1300690326371905
5.449999999999671,-6.141618247354941
5.4599999999996705,-6.153162870320811
5.46999999999967,-6.164702907074515
5.47999999999967,-6.176238363151413
5.48999999999967,-6.187769244082513
5.49999999999967,-6.199295555394468
5.509999999999669,-6.210817302609589
5.519999999999669,-6.222334491245837
5.529999999999669,-6.233847126816831
5.539999999999669,-6.245355214831848
5.5499999999996685,-6.256858760795832
5.559999999999668,-6.268357770209384
5.569999999999668,-6.27985224856878
5.579999999999668,-6.291342201365961
5.589999999999668,-6.30282763408854
5.5999999999996675,-6.314308552219807
5.609999999999667,-6.325784961238729
5.619999999999667,-6.337256866619953
5.629999999999667,-6.348724273833807
5.639999999999667,-6.3601871883463055
5.649999999999666,-6.371645615619149
5.659999999999666,-6.383099561109732
5.669999999999666,-6.394549030271136
5.679999999999666,-6.4059940285521435
5.6899999999996655,-6.417434561397229
5.699999999999665,-6.4288706342465725
5.709999999999665,-6.440302252536053
5.719999999999665,-6.451729421697258
5.729999999999665,-6.46315214715748
5.7399999999996645,-6.474570434339724
5.749999999999664,-6.485984288662707
5.759999999999664,-6.497393715540863
5.769999999999664,-6.50879872038434
5.779999999999664,-6.520199308599013
5.789999999999663,-6.531595485586474
5.799999999999663,-6.542987256744045
5.809999999999663,-6.554374627464774
5.819999999999663,-6.565757603137438
5.829999999999663,-6.577136189146553
5.839999999999662,-6.588510390872364
5.849999999999662,-6.599880213690859
5.859999999999662,-6.611245662973766
5.869999999999662,-6.622606744088554
5.8799999999996615,-6.633963462398439
5.889999999999661,-6.645315823262387
5.899999999999661,-6.656663832035113
5.909999999999661,-6.668007494067086
5.919999999999661,-6.679346814704531
5.92999999999966,-6.690681799289432
5.93999999999966,-6.702012453159531
5.94999999999966,-6.713338781648338
5.95999999999966,-6.724660790085126
5.96999999999966,-6.735978483794937
5.979999999999659,-6.747291868098584
5.989999999999659,-6.758600948312653
5.999999999999659,-6.7699057297495076
6.009999999999657,-6.781206217717286
6.0199999999996585,-6.792502417519917
6.02999999999966,-6.803794334457101
6.039999999999658,-6.815081973824327
6.049999999999656,-6.8263653409128775
6.059999999999658,-6.837644441009829
6.069999999999659,-6.84891927939804
6.079999999999657,-6.860189861356169
6.089999999999655,-6.871456192158678
6.099999999999657,-6.88271827707583
6.109999999999658,-6.8939761213736865
6.119999999999656,-6.905229730314111
6.129999999999654,-6.916479109154786
6.139999999999656,-6.927724263149204
6.1499999999996575,-6.938965197546664
6.1599999999996555,-6.9502019175922785
6.1699999999996535,-6.961434428526989
6.179999999999655,-6.972662735587556
6.189999999999657,-6.983886844006557
6.199999999999655,-6.995106759012395
6.209999999999653,-7.006322485829308
6.219999999999654,-7.017534029677365
6.229999999999656,-7.028741395772462
6.239999999999654,-7.039944589326329
6.249999999999652,-7.051143615546544
6.259999999999653,-7.062338479636523
6.269999999999655,-7.07352918679552
6.279999999999653,-7.084715742218633
6.289999999999651,-7.095898151096817
6.2999999999996525,-7.1070764186168764
6.309999999999654,-7.118250549961463
6.319999999999652,-7.12942055030908
6.32999999999965,-7.140586424834101
6.339999999999652,-7.151748178706758
6.349999999999653,-7.1629058170931375
6.359999999999651,-7.174059345155193
6.369999999999649,-7.185208768050753
6.379999999999651,-7.196354090933514
6.389999999999652,-7.207495318953042
6.39999999999965,-7.218632457254775
6.409999999999648,-7.229765510980037
6.41999999999965,-7.240894485266033
6.4299999999996515,-7.252019385245841
6.43999999999965,-7.263140216048426
6.449999999999648,-7.274256982798649
6.459999999999649,-7.285369690617257
6.469999999999651,-7.296478344620885
6.479999999999649,-7.307582949922064
6.489999999999647,-7.318683511629224
6.499999999999648,-7.329780034846703
6.50999999999965,-7.340872524674727
6.519999999999648,-7.351960986209429
6.529999999999646,-7.363045424542857
6.539999999999647,-7.374125844762968
6.549999999999649,-7.385202251953625
6.559999999999647,-7.396274651194601
6.569999999999645,-7.407343047561598
6.579999999999647,-7.418407446126237
6.589999999999648,-7.4294678519560495
6.599999999999646,-7.440524270114494
6.609999999999644,-7.451576705660963
6.619999999999646,-7.462625163650777
6.629999999999647,-7.473669649135182
6.639999999999645,-7.484710167161356
6.649999999999643,-7.495746722772421
6.659999999999645,-7.50677932100744
6.669999999999646,-7.517807966901406
6.6799999999996444,-7.52883266548526
6.6899999999996425,-7.539853421785893
6.699999999999644,-7.550870240826145
6.709999999999646,-7.561883127624801
6.719999999999644,-7.572892087196598
6.729999999999642,-7.5838971245522355
6.739999999999643,-7.594898244698372
6.749999999999645,-7.605895452637621
6.759999999999643,-7.6168887533685545
6.769999999999641,-7.627878151885721
6.779999999999642,-7.638863653179636
6.789999999999644,-7.649845262236776
6.799999999999642,-7.660822984039593
6.80999999999964,-7.671796823566519
6.8199999999996415,-7.682766785791965
6.829999999999643,-7.693732875686312
6.839999999999641,-7.704695098215926
6.849999999999639,-7.715653458343165
6.859999999999641,-7.726607961026372
6.869999999999642,-7.737558611219873
6.87999999999964,-7.748505413873986
6.889999999999638,-7.75944837393503
6.89999999999964,-7.770387496345323
6.909999999999641,-7.781322786043172
6.919999999999639,-7.7922542479628865
6.929999999999637,-7.8031818870347855
6.939999999999639,-7.814105708185198
6.9499999999996405,-7.825025716336451
6.9599999999996385,-7.835941916406884
6.9699999999996365,-7.846854313310857
6.979999999999638,-7.857762911958744
6.98999999999964,-7.868667717256935
6.999999999999638,-7.879568734107834
7.009999999999636,-7.89046596740988
7.019999999999637,-7.901359422057535
7.029999999999639,-7.912249102941283
7.039999999999637,-7.923135014947638
7.049999999999635,-7.934017162959152
7.059999999999636,-7.9448955518544135
7.069999999999638,-7.95577018650804
7.079999999999636,-7.966641071790692
7.089999999999634,-7.977508212569073
7.0999999999996355,-7.988371613705937
7.109999999999637,-7.999231280060073
7.119999999999635,-8.010087216486323
7.129999999999633,-8.020939427835586
7.139999999999635,-8.031787918954814
7.149999999999636,-8.042632694687008
7.159999999999634,-8.053473759871231
7.169999999999632,-8.064311119342612
7.179999999999634,-8.07514477793234
7.189999999999635,-8.08597474046767
7.199999999999633,-8.096801011771918
7.209999999999631,-8.107623596664482
7.219999999999633,-8.11844249996083
7.2299999999996345,-8.1292577264725
7.2399999999996325,-8.14006928100711
7.2499999999996305,-8.150877168368357
7.259999999999632,-8.16168139335603
7.269999999999634,-8.17248196076599
7.279999999999632,-8.183278875390185
7.28999999999963,-8.194072142016662
7.299999999999631,-8.204861765429555
7.309999999999633,-8.215647750409094
7.319999999999631,-8.226430101731593
7.329999999999629,-8.237208824169482
7.33999999999963,-8.24798392249129
7.349999999999632,-8.258755401461638
7.35999999999963,-8.269523265841258
7.369999999999628,-8.280287520386995
7.3799999999996295,-8.291048169851804
7.389999999999631,-8.301805218984747
7.399999999999629,-8.312558672530999
7.409999999999627,-8.323308535231863
7.419999999999629,-8.334054811824759
7.42999999999963,-8.344797507043225
7.439999999999628,-8.35553662561692
7.449999999999626,-8.366272172271643
7.459999999999628,-8.377004151729311
7.469999999999629,-8.38773256870798
7.479999999999627,-8.398457427921826
7.489999999999625,-8.40917873408118
7.499999999999627,-8.419896491892505
7.5099999999996285,-8.430610706058399
7.5199999999996265,-8.441321381277602
7.5299999999996245,-8.45202852224501
7.539999999999626,-8.462732133651665
7.549999999999628,-8.473432220184753
7.559999999999626,-8.48412878652761
7.569999999999624,-8.494821837359734
7.579999999999625,-8.505511377356786
7.589999999999627,-8.516197411190575
7.599999999999625,-8.52687994352907
7.609999999999623,-8.537558979036412
7.619999999999624,-8.548234522372914
7.629999999999626,-8.558906578195046
7.639999999999624,-8.569575151155446
7.649999999999622,-8.58024024590294
7.6599999999996236,-8.590901867082525
7.669999999999625,-8.60156001933537
7.679999999999623,-8.612214707298824
7.689999999999621,-8.622865935606425
7.699999999999623,-8.6335137088879
7.709999999999624,-8.64415803176915
7.719999999999622,-8.654798908872271
7.72999999999962,-8.665436344815555
7.739999999999622,-8.67607034421349
7.749999999999623,-8.686700911676752
7.759999999999621,-8.697328051812217
7.769999999999619,-8.707951769222966
7.779999999999621,-8.718572068508289
7.789999999999623,-8.729188954263671
7.799999999999621,-8.739802431080804
7.809999999999619,-8.7504125035476
7.81999999999962,-8.761019176248183
7.829999999999622,-8.771622453762886
7.83999999999962,-8.782222340668255
7.849999999999618,-8.792818841537066
7.859999999999619,-8.803411960938318
7.869999999999621,-8.814001703437222
7.879999999999619,-8.824588073595221
7.889999999999617,-8.83517107596999
7.899999999999618,-8.845750715115436
7.90999999999962,-8.856326995581693
7.919999999999618,-8.86689992191513
7.929999999999616,-8.877469498658359
7.939999999999618,-8.888035730350236
7.949999999999619,-8.89859862152585
7.959999999999617,-8.909158176716533
7.969999999999615,-8.919714400449873
7.979999999999617,-8.930267297249708
7.989999999999618,-8.94081687163612
7.999999999999616,-8.951363128125443
8.009999999999614,-8.961906071230274
8.019999999999616,-8.972445705459474
8.029999999999617,-8.982982035318148
8.039999999999615,-8.993515065307673
8.049999999999613,-9.004044799925689
8.059999999999615,-9.014571243666115
8.069999999999617,-9.025094401019121
8.079999999999615,-9.035614276471158
8.089999999999613,-9.04613087450495
8.099999999999614,-9.056644199599507
8.109999999999616,-9.0671542562301
8.119999999999614,-9.077661048868292
8.129999999999612,-9.088164581981927
8.139999999999613,-9.09866486003514
8.149999999999615,-9.109161887488344
8.159999999999613,-9.119655668798243
8.169999999999611,-9.130146208417843
8.179999999999612,-9.14063351079644
8.189999999999614,-9.151117580379623
8.199999999999612,-9.161598421609275
8.20999999999961,-9.172076038923596
8.219999999999612,-9.182550436757083
8.229999999999613,-9.193021619540534
8.239999999999611,-9.203489591701054
8.24999999999961,-9.213954357662065
8.25999999999961,-9.224415921843304
8.269999999999612,-9.234874288660816
8.27999999999961,-9.245329462526959
8.289999999999608,-9.255781447850419
8.29999999999961,-9.266230249036207
8.309999999999611,-9.276675870485647
8.31999999999961,-9.287118316596391
8.329999999999607,-9.297557591762423
8.339999999999609,-9.307993700374062
8.34999999999961,-9.31842664681795
8.359999999999609,-9.328856435477066
8.369999999999607,-9.33928307073073
8.379999999999608,-9.349706556954605
8.38999999999961,-9.360126898520686
8.399999999999608,-9.370544099797312
8.409999999999606,-9.38095816514918
8.419999999999607,-9.391369098937329
8.429999999999609,-9.401776905519144
8.439999999999607,-9.412181589248362
8.449999999999605,-9.422583154475088
8.459999999999607,-9.432981605545773
8.469999999999608,-9.443376946803234
8.479999999999606,-9.453769182586637
8.489999999999604,-9.464158317231526
8.499999999999606,-9.474544355069812
8.509999999999607,-9.484927300429764
8.519999999999605,-9.495307157636022
8.529999999999603,-9.505683931009608
8.539999999999605,-9.51605762486792
8.549999999999606,-9.526428243524721
8.559999999999604,-9.536795791290158
8.569999999999602,-9.547160272470766
8.579999999999604,-9.557521691369464
8.589999999999606,-9.567880052285547
8.599999999999604,-9.578235359514704
8.609999999999602,-9.588587617349017
8.619999999999603,-9.598936830076962
8.629999999999605,-9.609283001983403
8.639999999999603,-9.619626137349604
8.6499999999996,-9.629966240453232
8.659999999999602,-9.640303315568355
8.669999999999604,-9.650637366965439
8.679999999999602,-9.66096839891136
8.6899999999996,-9.671296415669401
8.699999999999601,-9.681621421499264
8.709999999999603,-9.69194342065705
8.719999999999601,-9.70226241739528
8.729999999999599,-9.712578415962895
8.7399999999996,-9.722891420605256
8.749999999999602,-9.73320143556414
8.7599999999996,-9.743508465077747
8.769999999999598,-9.753812513380709
8.7799999999996,-9.764113584704086
8.789999999999601,-9.774411683275364
8.7999999999996,-9.784706813318456
8.809999999999597,-9.794998979053723
8.819999999999599,-9.805288184697956
8.8299999999996,-9.815574434464382
8.839999999999598,-9.825857732562671
8.849999999999596,-9.836138083198938
8.859999999999598,-9.846415490575747
8.8699999999996,-9.856689958892105
8.879999999999598,-9.86696149234346
8.889999999999596,-9.877230095121728
8.899999999999597,-9.887495771415276
8.909999999999599,-9.897758525408921
8.919999999999597,-9.908018361283936
8.929999999999595,-9.918275283218065
8.939999999999596,-9.928529295385514
8.949999999999598,-9.938780401956947
8.959999999999596,-9.949028607099494
8.969999999999594,-9.959273914976762
8.979999999999595,-9.969516329748831
8.989999999999597,-9.979755855572247
8.999999999999595,-9.989992496600031
9.009999999999593,-10.00022625698169
9.019999999999595,-10.010457140863213
9.029999999999596,-10.02068515238706
9.039999999999594,-10.030910295692179
9.049999999999592,-10.041132574914013
9.059999999999594,-10.05135199418449
9.069999999999595,-10.061568557632024
9.079999999999593,-10.071782269381522
9.089999999999591,-10.081993133554397
9.099999999999593,-10.092201154268553
9.109999999999594,-10.10240633563839
9.119999999999592,-10.112608681774812
9.12999999999959,-10.122808196785233
9.139999999999592,-10.133004884773568
9.149999999999594,-10.143198749840241
9.159999999999592,-10.153389796082182
9.16999999999959,-10.163578027592841
9.179999999999591,-10.173763448462187
9.189999999999593,-10.183946062776691
9.19999999999959,-10.19412587461935
9.209999999999589,-10.204302888069689
9.21999999999959,-10.21447710720375
9.229999999999592,-10.2246485360941
9.23999999999959,-10.234817178809832
9.249999999999588,-10.244983039416574
9.25999999999959,-10.25514612197649
9.269999999999591,-10.265306430548264
9.279999999999589,-10.275463969187125
9.289999999999587,-10.285618741944841
9.299999999999589,-10.295770752869723
9.30999999999959,-10.305920006006618
9.319999999999588,-10.316066505396915
9.329999999999586,-10.32621025507856
9.339999999999588,-10.336351259086051
9.34999999999959,-10.34648952145042
9.359999999999587,-10.356625046199264
9.369999999999585,-10.366757837356733
9.379999999999587,-10.376887898943542
9.389999999999588,-10.387015234976952
9.399999999999586,-10.397139849470792
9.409999999999584,-10.407261746435458
9.419999999999586,-10.417380929877913
9.429999999999588,-10.427497403801684
9.439999999999586,-10.437611172206863
9.449999999999584,-10.447722239090126
9.459999999999585,-10.457830608444722
9.469999999999587,-10.467936284260468
9.479999999999585,-10.478039270523762
9.489999999999583,-10.48813957121759
9.499999999999584,-10.498237190321522
9.509999999999586,-10.508332131811702
9.519999999999584,-10.518424399660868
9.529999999999582,-10.528513997838344
9.539999999999583,-10.538600930310055
9.549999999999585,-10.548685201038513
9.559999999999583,-10.558766813982817
9.569999999999581,-10.568845773098678
9.579999999999583,-10.578922082338407
9.589999999999584,-10.588995745650903
9.599999999999582,-10.59906676698168
9.60999999999958,-10.609135150272857
9.619999999999582,-10.619200899463163
9.629999999999583,-10.629264018487934
9.639999999999581,-10.639324511279113
9.64999999999958,-10.64938238176527
9.659999999999581,-10.659437633871587
9.669999999999582,-10.669490271519864
9.67999999999958,-10.679540298628515
9.689999999999579,-10.68958771911259
9.69999999999958,-10.699632536883758
9.709999999999582,-10.709674755850315
9.71999999999958,-10.719714379917182
9.729999999999578,-10.729751412985921
9.73999999999958,-10.739785858954725
9.74999999999958,-10.749817721718417
9.759999999999579,-10.759847005168458
9.769999999999577,-10.769873713192954
9.779999999999578,-10.779897849676656
9.78999999999958,-10.78991941850095
9.799999999999578,-10.79993842354387
9.809999999999576,-10.809954868680098
9.819999999999578,-10.819968757780979
9.829999999999579,-10.82998009471449
9.839999999999577,-10.839988883345272
9.849999999999575,-10.849995127534626
9.859999999999577,-10.859998831140512
9.869999999999578,-10.86999999801754
9.879999999999576,-10.87999863201699
9.889999999999574,-10.889994736986809
9.899999999999576,-10.899988316771609
9.909999999999577,-10.90997937521267
9.919999999999575,-10.919967916147938
9.929999999999573,-10.92995394341204
9.939999999999575,-10.93993746083628
9.949999999999577,-10.949918472248632
9.959999999999575,-10.959896981473747
9.969999999999573,-10.969872992332967
9.979999999999574,-10.979846508644316
9.989999999999576,-10.989817534222498
